{
  "global_step": 10,
  "loss": -0.03443776369094849,
  "epoch": 0.08333333333333333
}